[
  {
    "id": "c37c5190-a26f-4bc9-85d8-139ddd7870b9",
    "data": [
      {
        "text": "My order ID is",
        "userDefined": false
      }
    ],
    "isTemplate": false,
    "count": 0,
    "lang": "en",
    "updated": 0
  },
  {
    "id": "c124815b-62d1-4e54-860d-659a7f2cc880",
    "data": [
      {
        "text": "I\u0027ve changed my mind, please cancel my order.",
        "userDefined": false
      }
    ],
    "isTemplate": false,
    "count": 0,
    "lang": "en",
    "updated": 0
  },
  {
    "id": "d190d75e-a9d9-4d59-9d63-8aa4016afd59",
    "data": [
      {
        "text": "How do I stop my order from shipping?",
        "userDefined": false
      }
    ],
    "isTemplate": false,
    "count": 0,
    "lang": "en",
    "updated": 0
  },
  {
    "id": "4c621b27-9da3-4cb9-91bb-38a51642ae93",
    "data": [
      {
        "text": "Cancel order.",
        "userDefined": false
      }
    ],
    "isTemplate": false,
    "count": 0,
    "lang": "en",
    "updated": 0
  },
  {
    "id": "fda41867-800a-4b9e-8f7a-aeb4b950636c",
    "data": [
      {
        "text": "Can I cancel my purchase?",
        "userDefined": false
      }
    ],
    "isTemplate": false,
    "count": 0,
    "lang": "en",
    "updated": 0
  },
  {
    "id": "00621501-cc10-4b91-80be-4d313189b167",
    "data": [
      {
        "text": "I want to cancel my order.",
        "userDefined": false
      }
    ],
    "isTemplate": false,
    "count": 0,
    "lang": "en",
    "updated": 0
  }
]