[
  {
    "id": "768b0f4d-e3d8-4b2b-9783-86e03f9f66ca",
    "data": [
      {
        "text": "I can\u0027t find what I\u0027m looking for.",
        "userDefined": false
      }
    ],
    "isTemplate": false,
    "count": 0,
    "lang": "en",
    "updated": 0
  },
  {
    "id": "bfd1437b-246c-423a-8ae0-0c5f2fdf95b3",
    "data": [
      {
        "text": "I need help from a real person.",
        "userDefined": false
      }
    ],
    "isTemplate": false,
    "count": 0,
    "lang": "en",
    "updated": 0
  },
  {
    "id": "589c4f04-ca4f-4d5c-af59-13e47aae41ea",
    "data": [
      {
        "text": "Can I talk to customer service?",
        "userDefined": false
      }
    ],
    "isTemplate": false,
    "count": 0,
    "lang": "en",
    "updated": 0
  },
  {
    "id": "dc61608f-91bb-47ab-9e07-2ddb98be63c9",
    "data": [
      {
        "text": "I want to speak with a human agent.",
        "userDefined": false
      }
    ],
    "isTemplate": false,
    "count": 0,
    "lang": "en",
    "updated": 0
  },
  {
    "id": "8bc54027-06aa-447c-8dde-ad45d89a19a0",
    "data": [
      {
        "text": "I need to talk to a person.",
        "userDefined": false
      }
    ],
    "isTemplate": false,
    "count": 0,
    "lang": "en",
    "updated": 0
  }
]