[
  {
    "id": "461170c5-92ee-43e9-8060-92390e6239db",
    "data": [
      {
        "text": "can i know the status of my order",
        "userDefined": false
      }
    ],
    "isTemplate": false,
    "count": 0,
    "lang": "en",
    "updated": 0
  },
  {
    "id": "bb63b33e-a114-431b-a085-b602a2cfc2ba",
    "data": [
      {
        "text": "I want to find out where my package is",
        "userDefined": false
      }
    ],
    "isTemplate": false,
    "count": 0,
    "lang": "en",
    "updated": 0
  },
  {
    "id": "cec19105-9fdc-4224-a04b-6b7c3e9c380c",
    "data": [
      {
        "text": "What\u0027s the status of my order?",
        "userDefined": false
      }
    ],
    "isTemplate": false,
    "count": 0,
    "lang": "en",
    "updated": 0
  },
  {
    "id": "d77b4493-d89c-4bcf-94dd-2cc0d2290f6a",
    "data": [
      {
        "text": "Has my order shipped yet?",
        "userDefined": false
      }
    ],
    "isTemplate": false,
    "count": 0,
    "lang": "en",
    "updated": 0
  },
  {
    "id": "42836d8f-cafe-4efb-aabd-1d64a179c5d7",
    "data": [
      {
        "text": "Track my package",
        "userDefined": false
      }
    ],
    "isTemplate": false,
    "count": 0,
    "lang": "en",
    "updated": 0
  },
  {
    "id": "8e144397-ea1f-4fe0-9d4d-ce585a5c3a20",
    "data": [
      {
        "text": "Where is my order?",
        "userDefined": false
      }
    ],
    "isTemplate": false,
    "count": 0,
    "lang": "en",
    "updated": 0
  }
]