[
  {
    "id": "8d51233c-ebc7-4eda-b957-af0388d8747e",
    "data": [
      {
        "text": "The item doesn\u0027t fit, can I return it?",
        "userDefined": false
      }
    ],
    "isTemplate": false,
    "count": 0,
    "lang": "en",
    "updated": 0
  },
  {
    "id": "5bb4d878-ca20-4d92-aba1-29c25572eac8",
    "data": [
      {
        "text": "What is your return policy?",
        "userDefined": false
      }
    ],
    "isTemplate": false,
    "count": 0,
    "lang": "en",
    "updated": 0
  },
  {
    "id": "c3266eaf-7b92-42d4-a75c-0caaa9796ff3",
    "data": [
      {
        "text": "Can I get a refund?",
        "userDefined": false
      }
    ],
    "isTemplate": false,
    "count": 0,
    "lang": "en",
    "updated": 0
  },
  {
    "id": "d4685199-a09f-4cb9-bbc1-71dbf24c845b",
    "data": [
      {
        "text": "I need to send something back.",
        "userDefined": false
      }
    ],
    "isTemplate": false,
    "count": 0,
    "lang": "en",
    "updated": 0
  },
  {
    "id": "5c2a8c74-9efc-44e5-b477-6210f73826c4",
    "data": [
      {
        "text": "How do I return an item?",
        "userDefined": false
      }
    ],
    "isTemplate": false,
    "count": 0,
    "lang": "en",
    "updated": 0
  }
]